{
  "className": "Frame",
  "properties": {
    "BackgroundColor3": [0.223529, 0.223529, 0.223529],
    "BorderColor3": [0.145098, 0.145098, 0.145098],
    "Position": {
      "UDim2": [[0.7, 0], [0.0, 1]]
    },
    "Size": {
      "UDim2": [[0.3, -1], [1.0, -2]]
    },
    "ZIndex": 2
  }
}
