{
  "className": "ImageButton",
  "properties": {
    "AutoButtonColor": false,
    "BackgroundColor3": [1, 1, 1],
    "BackgroundTransparency": 1,
    "BorderColor3": [0.105882, 0.164705, 0.207843],
    "Image": "rbxassetid://10734924219",
    "ImageColor3": [0.823529, 0.823529, 0.823529],
    "Size": {
      "UDim2": [[0.0, 100], [0.0, 100]]
    }
  }
}
