{
  "className": "Frame",
  "properties": {
    "BackgroundColor3": [0.141176, 0.141176, 0.141176],
    "BorderColor3": [0.105882, 0.164705, 0.207843],
    "Size": {
      "UDim2": [[1.0, 0], [0.0, 30]]
    }
  }
}
