{
  "className": "Frame",
  "properties": {
    "BackgroundColor3": [0.223529, 0.223529, 0.223529],
    "BorderColor3": [0.145098, 0.145098, 0.145098],
    "Size": {
      "UDim2": [[1.0, 0], [0.0, 20]]
    },
    "ZIndex": 6
  }
}
