{
  "className": "Frame",
  "properties": {
    "BackgroundColor3": [0.223529, 0.223529, 0.223529],
    "BorderColor3": [0.145098, 0.145098, 0.145098],
    "BorderMode": "Inset",
    "Position": {
      "UDim2": [[0.0, -1], [1.0, -30]]
    },
    "Size": {
      "UDim2": [[1.0, 2], [0.0, 30]]
    },
    "ZIndex": 3
  }
}
