{
  "className": "ImageLabel",
  "properties": {
    "AnchorPoint": [0.5, 0],
    "BackgroundColor3": [1, 1, 1],
    "BackgroundTransparency": 1,
    "BorderColor3": [0.105882, 0.164705, 0.207843],
    "Image": "rbxassetid://10723374544",
    "ImageColor3": [0.392156, 0.392156, 0.392156],
    "Position": {
      "UDim2": [[0.5, 0], [0.0, 0]]
    },
    "Size": {
      "UDim2": [[0.0, 50], [0.0, 50]]
    }
  }
}
