{
  "className": "Frame",
  "properties": {
    "BackgroundColor3": [0.184313, 0.184313, 0.184313],
    "BorderColor3": [0.105882, 0.164705, 0.207843],
    "BorderSizePixel": 0,
    "Size": {
      "UDim2": [[1.0, 0], [0.0, 26]]
    },
    "ZIndex": 2
  }
}
